<drawing><figures><ent id="0"><children><r id="1" x="208" y="110" w="102.640625" h="40"><a><fillColor><color rgba="#ffebffe8"/></fillColor></a></r><t id="2" x="220.109375" y="122.7080078125"><a><text><string>JenisMember</string></text></a></t></children></ent><ent id="3"><children><r id="4" x="226" y="389" w="80" h="40"><a><fillColor><color rgba="#ffebffe8"/></fillColor></a></r><t id="5" x="241.3056640625" y="401.7080078125"><a><text><string>Pegawai</string></text></a></t></children></ent><ent id="6"><children><r id="7" x="693" y="112" w="80" h="40"><a><fillColor><color rgba="#ffebffe8"/></fillColor></a></r><t id="8" x="708.66015625" y="124.7080078125"><a><text><string>Member</string></text></a></t></children></ent><ent id="9"><children><r id="a" x="675" y="386" w="122.123046875" h="40"><a><fillColor><color rgba="#ffebffe8"/></fillColor></a></r><t id="b" x="685" y="398.7080078125"><a><text><string>HeaderPenjualan</string></text></a></t></children></ent><ent id="c"><children><r id="d" x="698" y="559" w="80" h="40"><a><fillColor><color rgba="#ffebffe8"/></fillColor></a></r><t id="e" x="715.7197265625" y="571.7080078125"><a><text><string>Boneka</string></text></a></t></children></ent><rel id="f"><children><diamond id="10" x="440" y="113" w="80" h="40"><a><fillColor><color rgba="#ffddddff"/></fillColor></a></diamond><t id="11" x="455.396484375" y="125.7080078125"><a><text><string>Memiliki</string></text></a></t></children></rel><rel id="12"><children><diamond id="13" x="444" y="387" w="80" h="40"><a><fillColor><color rgba="#ffddddff"/></fillColor></a></diamond><t id="14" x="457.521484375" y="399.7080078125"><a><text><string>Melayani</string></text></a></t></children></rel><rel id="15"><children><diamond id="16" x="696" y="232" w="80" h="40"><a><fillColor><color rgba="#ffddddff"/></fillColor></a></diamond><t id="17" x="703.8203125" y="244.7080078125"><a><text><string>Melakukan</string></text></a></t></children></rel><rel id="18"><children><diamond id="19" x="697" y="476" w="80" h="40"><a><fillColor><color rgba="#ffddddff"/></fillColor></a></diamond><t id="1a" x="716.0556640625" y="488.7080078125"><a><text><string>Terjual</string></text></a></t></children></rel><atr id="1b" nullable="false" attributeType="VARCHAR2(128)"><children><e id="1c" x="33" y="114" w="84" h="34"><a><fillColor><color rgba="#ffffebeb"/></fillColor></a></e><t id="1d" x="35.7890625" y="123.7080078125"><a><text><string>JenisMember</string></text></a></t></children></atr><atr id="1e" nullable="false" attributeType="VARCHAR2(128)"><children><e id="1f" x="104" y="198" w="80" h="20"><a><fillColor><color rgba="#ffffebeb"/></fillColor></a></e><t id="20" x="131.478515625" y="200.7080078125"><a><text><string>Disc</string></text></a></t></children></atr><atr id="21" nullable="false" attributeType="VARCHAR2(128)"><children><e id="22" x="62" y="372" w="99" h="30"><a><fillColor><color rgba="#ffffebeb"/></fillColor></a></e><t id="23" x="69.2744140625" y="379.7080078125"><a><text><string>NamaPegawai</string></text></a></t></children></atr><atr id="24" nullable="false" attributeType="VARCHAR2(128)"><children><e id="25" x="50" y="428" w="111.69921875" h="41"><a><fillColor><color rgba="#ffffebeb"/></fillColor></a></e><t id="26" x="60" y="441.2080078125"><a><text><string>AlamatPegawai</string></text></a></t></children></atr><atr id="27" nullable="false" attributeType="VARCHAR2(128)"><children><e id="28" x="168" y="505" w="94" h="36"><a><fillColor><color rgba="#ffffebeb"/></fillColor></a></e><t id="29" x="177.6494140625" y="515.7080078125"><a><text><string>TelpPegawai</string></text></a></t></children></atr><atr id="2a" nullable="false" attributeType="VARCHAR2(128)"><children><e id="2b" x="806" y="70" w="109" h="28"><a><fillColor><color rgba="#ffffebeb"/></fillColor></a></e><t id="2c" x="818.62890625" y="76.7080078125"><a><text><string>NamaMember</string></text></a></t></children></atr><atr id="2d" nullable="false" attributeType="VARCHAR2(128)"><children><e id="2e" x="823" y="147" w="85" h="28"><a><fillColor><color rgba="#ffffebeb"/></fillColor></a></e><t id="2f" x="828.50390625" y="153.7080078125"><a><text><string>TelpMember</string></text></a></t></children></atr><atr id="30" nullable="false" attributeType="VARCHAR2(128)"><children><e id="31" x="849" y="418" w="92" h="37"><a><fillColor><color rgba="#ffffebeb"/></fillColor></a></e><t id="32" x="856.416015625" y="429.2080078125"><a><text><string>TglPenjualan</string></text></a></t></children></atr><atr id="33" nullable="false" attributeType="VARCHAR2(128)"><children><e id="34" x="769" y="647" w="97" h="37"><a><fillColor><color rgba="#ffffebeb"/></fillColor></a></e><t id="35" x="777.6884765625" y="658.2080078125"><a><text><string>NamaBoneka</string></text></a></t></children></atr><atr id="36" nullable="false" attributeType="VARCHAR2(128)"><children><e id="37" x="834" y="583" w="80" h="20"><a><fillColor><color rgba="#ffffebeb"/></fillColor></a></e><t id="38" x="855.9853515625" y="585.7080078125"><a><text><string>Harga</string></text></a></t></children></atr><atr id="39" nullable="false" attributeType="VARCHAR2(128)"><children><e id="3a" x="834" y="525" w="80" h="20"><a><fillColor><color rgba="#ffffebeb"/></fillColor></a></e><t id="3b" x="857.2158203125" y="527.7080078125"><a><text><string>Stock</string></text></a></t></children></atr><atrchave id="3c" nullable="false" attributeType="NUMBER"><children><e id="3d" x="88" y="16" w="123" h="40"><a><fillColor><color rgba="#ffffebeb"/></fillColor></a></e><t id="3e" x="96.296875" y="28.7080078125"><a><fontUnderlined><boolean>true</boolean></fontUnderlined><fontBold><boolean>true</boolean></fontBold><text><string>KdJenisMember</string></text></a></t></children></atrchave><atrchave id="3f" nullable="false" attributeType="NUMBER"><children><e id="40" x="689" y="15" w="88" h="38"><a><fillColor><color rgba="#ffffebeb"/></fillColor></a></e><t id="41" x="696.9970703125" y="26.7080078125"><a><fontUnderlined><boolean>true</boolean></fontUnderlined><fontBold><boolean>true</boolean></fontBold><text><string>KdMember</string></text></a></t></children></atrchave><atrchave id="42" nullable="false" attributeType="NUMBER"><children><e id="43" x="165" y="295" w="96" h="37"><a><fillColor><color rgba="#ffffebeb"/></fillColor></a></e><t id="44" x="175.658203125" y="306.2080078125"><a><fontUnderlined><boolean>true</boolean></fontUnderlined><fontBold><boolean>true</boolean></fontBold><text><string>KdPegawai</string></text></a></t></children></atrchave><atrchave id="45" nullable="false" attributeType="NUMBER"><children><e id="46" x="854" y="351" w="125" h="39"><a><fillColor><color rgba="#ffffebeb"/></fillColor></a></e><t id="47" x="873.990234375" y="363.2080078125"><a><fontUnderlined><boolean>true</boolean></fontUnderlined><fontBold><boolean>true</boolean></fontBold><text><string>KdPenjualan</string></text></a></t></children></atrchave><atrchave id="48" nullable="false" attributeType="NUMBER"><children><e id="49" x="628" y="649" w="95" h="35"><a><fillColor><color rgba="#ffffebeb"/></fillColor></a></e><t id="4a" x="641.697265625" y="659.2080078125"><a><fontUnderlined><boolean>true</boolean></fontUnderlined><fontBold><boolean>true</boolean></fontBold><text><string>KdBoneka</string></text></a></t></children></atrchave><llabelUm id="4b"><points><p colinear="true" x="440" y="132.4562254398697" c1x="0" c1y="0" c2x="0" c2y="0"/><p colinear="true" x="310.640625" y="130.6976670088859" c1x="0" c1y="0" c2x="0" c2y="0"/></points><startConnector><rConnector id="4c"><Owner><rel ref="f"/></Owner></rConnector></startConnector><endConnector><rConnector id="4d"><Owner><ent ref="0"/></Owner></rConnector></endConnector></llabelUm><llabelUm id="4e"><points><p colinear="true" x="520" y="132.8418972332016" c1x="0" c1y="0" c2x="0" c2y="0"/><p colinear="true" x="693" y="132.1581027667984" c1x="0" c1y="0" c2x="0" c2y="0"/></points><startConnector><rConnector id="4f"><Owner><rel ref="f"/></Owner></rConnector></startConnector><endConnector><rConnector id="50"><Owner><ent ref="6"/></Owner></rConnector></endConnector></llabelUm><lcaf id="51"><points><p colinear="true" x="172.86602393617022" y="56" c1x="0" c1y="0" c2x="0" c2y="0"/><p colinear="true" x="235.95428856382978" y="110" c1x="0" c1y="0" c2x="0" c2y="0"/></points><startConnector><rConnector id="52"><Owner><atrchave ref="3c"/></Owner></rConnector></startConnector><endConnector><rConnector id="53"><Owner><ent ref="0"/></Owner></rConnector></endConnector></lcaf><lcaf id="54"><points><p colinear="true" x="117" y="130.7721358029924" c1x="0" c1y="0" c2x="0" c2y="0"/><p colinear="true" x="208" y="130.2784300428093" c1x="0" c1y="0" c2x="0" c2y="0"/></points><startConnector><rConnector id="55"><Owner><atr ref="1b"/></Owner></rConnector></startConnector><endConnector><rConnector id="56"><Owner><ent ref="0"/></Owner></rConnector></endConnector></lcaf><lcaf id="57"><points><p colinear="true" x="158.78465544871796" y="198" c1x="0" c1y="0" c2x="0" c2y="0"/><p colinear="true" x="229.75100160256412" y="150" c1x="0" c1y="0" c2x="0" c2y="0"/></points><startConnector><rConnector id="58"><Owner><atr ref="1e"/></Owner></rConnector></startConnector><endConnector><rConnector id="59"><Owner><ent ref="0"/></Owner></rConnector></endConnector></lcaf><lcaf id="5a"><points><p colinear="true" x="223.26701570680626" y="332" c1x="0" c1y="0" c2x="0" c2y="0"/><p colinear="true" x="254.90052356020942" y="389" c1x="0" c1y="0" c2x="0" c2y="0"/></points><startConnector><rConnector id="5b"><Owner><atrchave ref="42"/></Owner></rConnector></startConnector><endConnector><rConnector id="5c"><Owner><ent ref="3"/></Owner></rConnector></endConnector></lcaf><lcaf id="5d"><points><p colinear="true" x="161" y="394.0485436893204" c1x="0" c1y="0" c2x="0" c2y="0"/><p colinear="true" x="226" y="403.3042071197411" c1x="0" c1y="0" c2x="0" c2y="0"/></points><startConnector><rConnector id="5e"><Owner><atr ref="21"/></Owner></rConnector></startConnector><endConnector><rConnector id="5f"><Owner><ent ref="3"/></Owner></rConnector></endConnector></lcaf><lcaf id="60"><points><p colinear="true" x="161.69921875" y="434.72507530763323" c1x="0" c1y="0" c2x="0" c2y="0"/><p colinear="true" x="226" y="418.86572679488273" c1x="0" c1y="0" c2x="0" c2y="0"/></points><startConnector><rConnector id="61"><Owner><atr ref="24"/></Owner></rConnector></startConnector><endConnector><rConnector id="62"><Owner><ent ref="3"/></Owner></rConnector></endConnector></lcaf><lcaf id="63"><points><p colinear="true" x="223.05263157894737" y="505" c1x="0" c1y="0" c2x="0" c2y="0"/><p colinear="true" x="257.05263157894734" y="429" c1x="0" c1y="0" c2x="0" c2y="0"/></points><startConnector><rConnector id="64"><Owner><atr ref="27"/></Owner></rConnector></startConnector><endConnector><rConnector id="65"><Owner><ent ref="3"/></Owner></rConnector></endConnector></lcaf><lcaf id="66"><points><p colinear="true" x="733" y="53" c1x="0" c1y="0" c2x="0" c2y="0"/><p colinear="true" x="733" y="112" c1x="0" c1y="0" c2x="0" c2y="0"/></points><startConnector><rConnector id="67"><Owner><atrchave ref="3f"/></Owner></rConnector></startConnector><endConnector><rConnector id="68"><Owner><ent ref="6"/></Owner></rConnector></endConnector></lcaf><lcaf id="69"><points><p colinear="true" x="823.3125" y="98" c1x="0" c1y="0" c2x="0" c2y="0"/><p colinear="true" x="773" y="116.94117647058823" c1x="0" c1y="0" c2x="0" c2y="0"/></points><startConnector><rConnector id="6a"><Owner><atr ref="2a"/></Owner></rConnector></startConnector><endConnector><rConnector id="6b"><Owner><ent ref="6"/></Owner></rConnector></endConnector></lcaf><lcaf id="6c"><points><p colinear="true" x="823" y="151.69811320754718" c1x="0" c1y="0" c2x="0" c2y="0"/><p colinear="true" x="773" y="140.75471698113208" c1x="0" c1y="0" c2x="0" c2y="0"/></points><startConnector><rConnector id="6d"><Owner><atr ref="2d"/></Owner></rConnector></startConnector><endConnector><rConnector id="6e"><Owner><ent ref="6"/></Owner></rConnector></endConnector></lcaf><lcaf id="6f"><points><p colinear="true" x="854" y="382.79643500803707" c1x="0" c1y="0" c2x="0" c2y="0"/><p colinear="true" x="797.123046875" y="393.98657512894476" c1x="0" c1y="0" c2x="0" c2y="0"/></points><startConnector><rConnector id="70"><Owner><atrchave ref="45"/></Owner></rConnector></startConnector><endConnector><rConnector id="71"><Owner><ent ref="9"/></Owner></rConnector></endConnector></lcaf><lcaf id="72"><points><p colinear="true" x="849" y="427.67268498890957" c1x="0" c1y="0" c2x="0" c2y="0"/><p colinear="true" x="797.123046875" y="417.71759353130204" c1x="0" c1y="0" c2x="0" c2y="0"/></points><startConnector><rConnector id="73"><Owner><atr ref="30"/></Owner></rConnector></startConnector><endConnector><rConnector id="74"><Owner><ent ref="9"/></Owner></rConnector></endConnector></lcaf><lcaf id="75"><points><p colinear="true" x="843.0909090909091" y="545" c1x="0" c1y="0" c2x="0" c2y="0"/><p colinear="true" x="778" y="566.0588235294117" c1x="0" c1y="0" c2x="0" c2y="0"/></points><startConnector><rConnector id="76"><Owner><atr ref="39"/></Owner></rConnector></startConnector><endConnector><rConnector id="77"><Owner><ent ref="c"/></Owner></rConnector></endConnector></lcaf><lcaf id="78"><points><p colinear="true" x="834" y="588.8823529411765" c1x="0" c1y="0" c2x="0" c2y="0"/><p colinear="true" x="778" y="583.1176470588235" c1x="0" c1y="0" c2x="0" c2y="0"/></points><startConnector><rConnector id="79"><Owner><atr ref="36"/></Owner></rConnector></startConnector><endConnector><rConnector id="7a"><Owner><ent ref="c"/></Owner></rConnector></endConnector></lcaf><lcaf id="7b"><points><p colinear="true" x="800.4971098265896" y="647" c1x="0" c1y="0" c2x="0" c2y="0"/><p colinear="true" x="756.3815028901735" y="599" c1x="0" c1y="0" c2x="0" c2y="0"/></points><startConnector><rConnector id="7c"><Owner><atr ref="33"/></Owner></rConnector></startConnector><endConnector><rConnector id="7d"><Owner><ent ref="c"/></Owner></rConnector></endConnector></lcaf><lcaf id="7e"><points><p colinear="true" x="688" y="649" c1x="0" c1y="0" c2x="0" c2y="0"/><p colinear="true" x="723.7142857142857" y="599" c1x="0" c1y="0" c2x="0" c2y="0"/></points><startConnector><rConnector id="7f"><Owner><atrchave ref="48"/></Owner></rConnector></startConnector><endConnector><rConnector id="80"><Owner><ent ref="c"/></Owner></rConnector></endConnector></lcaf><llabelUm id="81"><points><p colinear="true" x="735.5" y="232" c1x="0" c1y="0" c2x="0" c2y="0"/><p colinear="true" x="733.5" y="152" c1x="0" c1y="0" c2x="0" c2y="0"/></points><startConnector><rConnector id="82"><Owner><rel ref="15"/></Owner></rConnector></startConnector><endConnector><rConnector id="83"><Owner><ent ref="6"/></Owner></rConnector></endConnector></llabelUm><llabelMuitos id="84"><points><p colinear="true" x="736.0079900568182" y="272" c1x="0" c1y="0" c2x="0" c2y="0"/><p colinear="true" x="736.0535333806819" y="386" c1x="0" c1y="0" c2x="0" c2y="0"/></points><startConnector><rConnector id="85"><Owner><rel ref="15"/></Owner></rConnector></startConnector><endConnector><rConnector id="86"><Owner><ent ref="9"/></Owner></rConnector></endConnector><a><text><string>N</string></text></a></llabelMuitos><llabelUm id="87"><points><p colinear="true" x="444" y="407.3669724770642" c1x="0" c1y="0" c2x="0" c2y="0"/><p colinear="true" x="306" y="408.6330275229358" c1x="0" c1y="0" c2x="0" c2y="0"/></points><startConnector><rConnector id="88"><Owner><rel ref="12"/></Owner></rConnector></startConnector><endConnector><rConnector id="89"><Owner><ent ref="3"/></Owner></rConnector></endConnector></llabelUm><llabelUm id="8a"><points><p colinear="true" x="524" y="406.84130858429126" c1x="0" c1y="0" c2x="0" c2y="0"/><p colinear="true" x="675" y="406.24224848999074" c1x="0" c1y="0" c2x="0" c2y="0"/></points><startConnector><rConnector id="8b"><Owner><rel ref="12"/></Owner></rConnector></startConnector><endConnector><rConnector id="8c"><Owner><ent ref="9"/></Owner></rConnector></endConnector></llabelUm><llabelMuitos id="8d"><points><p colinear="true" x="736.7914496527778" y="476" c1x="0" c1y="0" c2x="0" c2y="0"/><p colinear="true" x="736.2700737847222" y="426" c1x="0" c1y="0" c2x="0" c2y="0"/></points><startConnector><rConnector id="8e"><Owner><rel ref="18"/></Owner></rConnector></startConnector><endConnector><rConnector id="8f"><Owner><ent ref="9"/></Owner></rConnector></endConnector><a><text><string>N</string></text></a></llabelMuitos><llabelMuitos id="90"><points><p colinear="true" x="737.2409638554217" y="516" c1x="0" c1y="0" c2x="0" c2y="0"/><p colinear="true" x="737.7590361445783" y="559" c1x="0" c1y="0" c2x="0" c2y="0"/></points><startConnector><rConnector id="91"><Owner><rel ref="18"/></Owner></rConnector></startConnector><endConnector><rConnector id="92"><Owner><ent ref="c"/></Owner></rConnector></endConnector><a><text><string>M</string></text></a></llabelMuitos></figures></drawing>