<drawing><figures><lcaf id="0"><points><p colinear="true" x="1060" y="485.4052287581699" c1x="332" c1y="-142" c2x="332" c2y="-142"/><p colinear="true" x="998" y="464.3333333333333" c1x="332" c1y="-142" c2x="332" c2y="-142"/></points><startConnector><rConnector id="1"><Owner><ent id="2"><children><r id="3" x="1060" y="479" w="80" h="40"><a><fillColor><color rgba="#ffebffe8"/></fillColor></a></r><t id="4" x="1078.583984375" y="491.7080078125"><a><text><string>Barang</string></text></a></t></children></ent></Owner></rConnector></startConnector><endConnector><rConnector id="5"><Owner><atrchave id="6" nullable="false" attributeType="NUMBER"><children><e id="7" x="896" y="428" w="102" h="38"><a><fillColor><color rgba="#ffffebeb"/></fillColor></a></e><t id="8" x="911.2255859375" y="439.7080078125"><a><fontUnderlined><boolean>true</boolean></fontUnderlined><fontBold><boolean>true</boolean></fontBold><text><string>Id_Barang</string></text></a></t></children></atrchave></Owner></rConnector></endConnector></lcaf><atrchave ref="6"/><ent id="9"><children><r id="a" x="389" y="124" w="80" h="40"><a><fillColor><color rgba="#ffebffe8"/></fillColor></a></r><t id="b" x="418.2802734375" y="136.7080078125"><a><text><string>Log</string></text></a></t></children></ent><ent id="c"><children><r id="d" x="689" y="214" w="80" h="40"><a><fillColor><color rgba="#ffebffe8"/></fillColor></a></r><t id="e" x="709.880859375" y="226.7080078125"><a><text><string>Admin</string></text></a></t></children></ent><ent ref="2"/><ent id="f"><children><r id="10" x="353" y="480" w="80" h="40"><a><fillColor><color rgba="#ffebffe8"/></fillColor></a></r><t id="11" x="364.2890625" y="492.7080078125"><a><text><string>Transaksi</string></text></a></t></children></ent><ent id="12"><children><r id="13" x="1184" y="754" w="80" h="40"><a><fillColor><color rgba="#ffebffe8"/></fillColor></a></r><t id="14" x="1190.1826171875" y="766.7080078125"><a><text><string>Pengiriman</string></text></a></t></children></ent><ent id="15"><children><r id="16" x="682" y="753" w="80" h="40"><a><fillColor><color rgba="#ffebffe8"/></fillColor></a></r><t id="17" x="684.5146484375" y="765.7080078125"><a><text><string>Pembayaran</string></text></a></t></children></ent><atr id="18" nullable="false" attributeType="VARCHAR2(128)"><children><e id="19" x="590" y="157" w="93" h="37"><a><fillColor><color rgba="#ffffebeb"/></fillColor></a></e><t id="1a" x="596.03515625" y="168.2080078125"><a><text><string>Nama_Admin</string></text></a></t></children></atr><atr id="1b" nullable="false" attributeType="VARCHAR2(128)"><children><e id="1c" x="745" y="94" w="93" h="37"><a><fillColor><color rgba="#ffffebeb"/></fillColor></a></e><t id="1d" x="747.4111328125" y="105.2080078125"><a><text><string>Alamat_Admin</string></text></a></t></children></atr><atr id="1e" nullable="false" attributeType="VARCHAR2(128)"><children><e id="1f" x="784" y="157" w="93" h="37"><a><fillColor><color rgba="#ffffebeb"/></fillColor></a></e><t id="20" x="810.30859375" y="168.2080078125"><a><text><string>No_Hp</string></text></a></t></children></atr><lcaf id="21"><points><p colinear="true" x="739.2880658436214" y="214" c1x="932" c1y="-302" c2x="932" c2y="-302"/><p colinear="true" x="781.9835390946502" y="131" c1x="932" c1y="-302" c2x="932" c2y="-302"/></points><startConnector><rConnector id="22"><Owner><ent ref="c"/></Owner></rConnector></startConnector><endConnector><rConnector id="23"><Owner><atr ref="1b"/></Owner></rConnector></endConnector></lcaf><lcaf id="24"><points><p colinear="true" x="697.3760683760684" y="214" c1x="932" c1y="-302" c2x="932" c2y="-302"/><p colinear="true" x="665.7521367521367" y="194" c1x="932" c1y="-302" c2x="932" c2y="-302"/></points><startConnector><rConnector id="25"><Owner><ent ref="c"/></Owner></rConnector></startConnector><endConnector><rConnector id="26"><Owner><atr ref="18"/></Owner></rConnector></endConnector></lcaf><lcaf id="27"><points><p colinear="true" x="763.7008547008547" y="214" c1x="932" c1y="-302" c2x="932" c2y="-302"/><p colinear="true" x="798.4017094017094" y="194" c1x="932" c1y="-302" c2x="932" c2y="-302"/></points><startConnector><rConnector id="28"><Owner><ent ref="c"/></Owner></rConnector></startConnector><endConnector><rConnector id="29"><Owner><atr ref="1e"/></Owner></rConnector></endConnector></lcaf><atr id="2a" nullable="false" attributeType="VARCHAR2(128)"><children><e id="2b" x="91" y="25" w="93" h="37"><a><fillColor><color rgba="#ffffebeb"/></fillColor></a></e><t id="2c" x="102.501953125" y="36.2080078125"><a><text><string>Nama_User</string></text></a></t></children></atr><atr id="2d" nullable="false" attributeType="VARCHAR2(128)"><children><e id="2e" x="45" y="77" w="93" h="37"><a><fillColor><color rgba="#ffffebeb"/></fillColor></a></e><t id="2f" x="52.8779296875" y="88.2080078125"><a><text><string>Alamat_User</string></text></a></t></children></atr><atr id="30" nullable="false" attributeType="VARCHAR2(128)"><children><e id="31" x="343" y="46" w="93" h="37"><a><fillColor><color rgba="#ffffebeb"/></fillColor></a></e><t id="32" x="361.17578125" y="57.2080078125"><a><text><string>Password</string></text></a></t></children></atr><ent id="33"><children><r id="34" x="149" y="288" w="80" h="40"><a><fillColor><color rgba="#ffebffe8"/></fillColor></a></r><t id="35" x="175.34765625" y="300.7080078125"><a><text><string>User</string></text></a></t></children></ent><atr id="36" nullable="false" attributeType="VARCHAR2(128)"><children><e id="37" x="433" y="20" w="93" h="37"><a><fillColor><color rgba="#ffffebeb"/></fillColor></a></e><t id="38" x="462.9736328125" y="31.2080078125"><a><text><string>Email</string></text></a></t></children></atr><atr id="39" nullable="false" attributeType="VARCHAR2(128)"><children><e id="3a" x="31" y="304" w="93" h="37"><a><fillColor><color rgba="#ffffebeb"/></fillColor></a></e><t id="3b" x="60.9736328125" y="315.2080078125"><a><text><string>Email</string></text></a></t></children></atr><atr id="3c" nullable="false" attributeType="VARCHAR2(128)"><children><e id="3d" x="51" y="366" w="93" h="37"><a><fillColor><color rgba="#ffffebeb"/></fillColor></a></e><t id="3e" x="69.17578125" y="377.2080078125"><a><text><string>Password</string></text></a></t></children></atr><lcaf id="3f"><points><p colinear="true" x="438.5734597156398" y="124" c1x="256" c1y="-81" c2x="256" c2y="-81"/><p colinear="true" x="470.6445497630332" y="57" c1x="256" c1y="-81" c2x="256" c2y="-81"/></points><startConnector><rConnector id="40"><Owner><ent ref="9"/></Owner></rConnector></startConnector><endConnector><rConnector id="41"><Owner><atr ref="36"/></Owner></rConnector></endConnector></lcaf><lcaf id="42"><points><p colinear="true" x="419.062893081761" y="124" c1x="256" c1y="-81" c2x="256" c2y="-81"/><p colinear="true" x="398.69182389937106" y="83" c1x="256" c1y="-81" c2x="256" c2y="-81"/></points><startConnector><rConnector id="43"><Owner><ent ref="9"/></Owner></rConnector></startConnector><endConnector><rConnector id="44"><Owner><atr ref="30"/></Owner></rConnector></endConnector></lcaf><lcaf id="45"><points><p colinear="true" x="165.078431372549" y="328" c1x="-290" c1y="-112" c2x="-290" c2y="-112"/><p colinear="true" x="119.62745098039215" y="366" c1x="-290" c1y="-112" c2x="-290" c2y="-112"/></points><startConnector><rConnector id="46"><Owner><ent ref="33"/></Owner></rConnector></startConnector><endConnector><rConnector id="47"><Owner><atr ref="3c"/></Owner></rConnector></endConnector></lcaf><lcaf id="48"><points><p colinear="true" x="149" y="313.2017937219731" c1x="-290" c1y="-112" c2x="-290" c2y="-112"/><p colinear="true" x="124" y="316.4529147982063" c1x="-290" c1y="-112" c2x="-290" c2y="-112"/></points><startConnector><rConnector id="49"><Owner><ent ref="33"/></Owner></rConnector></startConnector><endConnector><rConnector id="4a"><Owner><atr ref="39"/></Owner></rConnector></endConnector></lcaf><atr id="4b" nullable="false" attributeType="VARCHAR2(128)"><children><e id="4c" x="985" y="382" w="93" h="37"><a><fillColor><color rgba="#ffffebeb"/></fillColor></a></e><t id="4d" x="991.3984375" y="393.2080078125"><a><text><string>Jenis_Barang</string></text></a></t></children></atr><atr id="4e" nullable="false" attributeType="VARCHAR2(128)"><children><e id="4f" x="910" y="593" w="113.275390625" h="37"><a><fillColor><color rgba="#ffffebeb"/></fillColor></a></e><t id="50" x="920" y="604.2080078125"><a><text><string>Jumlah_Barang</string></text></a></t></children></atr><lcaf id="51"><points><p colinear="true" x="1086.0913705583757" y="479" c1x="332" c1y="-142" c2x="332" c2y="-142"/><p colinear="true" x="1044.3654822335025" y="419" c1x="332" c1y="-142" c2x="332" c2y="-142"/></points><startConnector><rConnector id="52"><Owner><ent ref="2"/></Owner></rConnector></startConnector><endConnector><rConnector id="53"><Owner><atr ref="4b"/></Owner></rConnector></endConnector></lcaf><lcaf id="54"><points><p colinear="true" x="1052" y="611.1787564957259" c1x="710" c1y="-489" c2x="710" c2y="-489"/><p colinear="true" x="1023.275390625" y="611.2868556644199" c1x="710" c1y="-489" c2x="710" c2y="-489"/></points><startConnector><rConnector id="55"><Owner><entfraca id="56"><children><r id="57" x="1052" y="591" w="95" h="40"><a><fillColor><color rgba="#ffebffe8"/></fillColor><strokeType><enum type="strokeType">DOUBLE</enum></strokeType><innerStrokeWidthFactor><double>3</double></innerStrokeWidthFactor></a></r><t id="58" x="1060.4150390625" y="603.7080078125"><a><text><string>Detil_Barang</string></text></a></t></children></entfraca></Owner></rConnector></startConnector><endConnector><rConnector id="59"><Owner><atr ref="4e"/></Owner></rConnector></endConnector></lcaf><atr id="5a" nullable="false" attributeType="VARCHAR2(128)"><children><e id="5b" x="413" y="548" w="93" h="37"><a><fillColor><color rgba="#ffffebeb"/></fillColor></a></e><t id="5c" x="435.76953125" y="559.2080078125"><a><text><string>Id_User</string></text></a></t></children></atr><atr id="5d" nullable="false" attributeType="VARCHAR2(128)"><children><e id="5e" x="422" y="394" w="93" h="37"><a><fillColor><color rgba="#ffffebeb"/></fillColor></a></e><t id="5f" x="437.005859375" y="405.2080078125"><a><text><string>Id_Barang</string></text></a></t></children></atr><lcaf id="60"><points><p colinear="true" x="410.25714285714287" y="480" c1x="-468" c1y="526" c2x="-468" c2y="526"/><p colinear="true" x="452.53714285714284" y="431" c1x="-468" c1y="526" c2x="-468" c2y="526"/></points><startConnector><rConnector id="61"><Owner><ent ref="f"/></Owner></rConnector></startConnector><endConnector><rConnector id="62"><Owner><atr ref="5d"/></Owner></rConnector></endConnector></lcaf><lcaf id="63"><points><p colinear="true" x="413" y="520" c1x="-468" c1y="526" c2x="-468" c2y="526"/><p colinear="true" x="441" y="548" c1x="-468" c1y="526" c2x="-468" c2y="526"/></points><startConnector><rConnector id="64"><Owner><ent ref="f"/></Owner></rConnector></startConnector><endConnector><rConnector id="65"><Owner><atr ref="5a"/></Owner></rConnector></endConnector></lcaf><atr id="66" nullable="false" attributeType="VARCHAR2(128)"><children><e id="67" x="224" y="551" w="132.69921875" h="37"><a><fillColor><color rgba="#ffffebeb"/></fillColor></a></e><t id="68" x="234" y="562.2080078125"><a><text><string>Tanggal_Transaksi</string></text></a></t></children></atr><lcaf id="69"><points><p colinear="true" x="363.4603192446043" y="520" c1x="-468" c1y="526" c2x="-468" c2y="526"/><p colinear="true" x="317.673814073741" y="551" c1x="-468" c1y="526" c2x="-468" c2y="526"/></points><startConnector><rConnector id="6a"><Owner><ent ref="f"/></Owner></rConnector></startConnector><endConnector><rConnector id="6b"><Owner><atr ref="66"/></Owner></rConnector></endConnector></lcaf><entfraca ref="56"/><atr id="6c" nullable="false" attributeType="VARCHAR2(128)"><children><e id="6d" x="1043" y="654" w="113.275390625" h="37"><a><fillColor><color rgba="#ffffebeb"/></fillColor></a></e><t id="6e" x="1056.392578125" y="665.2080078125"><a><text><string>Harga_Barang</string></text></a></t></children></atr><lcaf id="6f"><points><p colinear="true" x="1099.5447789634147" y="631" c1x="710" c1y="-489" c2x="710" c2y="-489"/><p colinear="true" x="1099.5962747713415" y="654" c1x="710" c1y="-489" c2x="710" c2y="-489"/></points><startConnector><rConnector id="70"><Owner><entfraca ref="56"/></Owner></rConnector></startConnector><endConnector><rConnector id="71"><Owner><atr ref="6c"/></Owner></rConnector></endConnector></lcaf><atr id="72" nullable="false" attributeType="VARCHAR2(128)"><children><e id="73" x="1173" y="593" w="113.275390625" h="37"><a><fillColor><color rgba="#ffffebeb"/></fillColor></a></e><t id="74" x="1180.462890625" y="604.2080078125"><a><text><string>Kualitas_Barang</string></text></a></t></children></atr><atr id="75" nullable="false" attributeType="VARCHAR2(128)"><children><e id="76" x="1309" y="753" w="93" h="37"><a><fillColor><color rgba="#ffffebeb"/></fillColor></a></e><t id="77" x="1316.8779296875" y="764.2080078125"><a><text><string>Alamat_User</string></text></a></t></children></atr><lcaf id="78"><points><p colinear="true" x="1147" y="611.1824990057106" c1x="844" c1y="-477.0423572744015" c2x="844" c2y="-477.0423572744015"/><p colinear="true" x="1173" y="611.28239319831" c1x="844" c1y="-477.0423572744015" c2x="844" c2y="-477.0423572744015"/></points><startConnector><rConnector id="79"><Owner><entfraca ref="56"/></Owner></rConnector></startConnector><endConnector><rConnector id="7a"><Owner><atr ref="72"/></Owner></rConnector></endConnector></lcaf><lcaf id="7b"><points><p colinear="true" x="1264" y="773.2395437262358" c1x="186" c1y="354" c2x="186" c2y="354"/><p colinear="true" x="1309" y="772.384030418251" c1x="186" c1y="354" c2x="186" c2y="354"/></points><startConnector><rConnector id="7c"><Owner><ent ref="12"/></Owner></rConnector></startConnector><endConnector><rConnector id="7d"><Owner><atr ref="75"/></Owner></rConnector></endConnector></lcaf><atr id="7e" nullable="false" attributeType="VARCHAR2(128)"><children><e id="7f" x="605" y="678" w="93" h="37"><a><fillColor><color rgba="#ffffebeb"/></fillColor></a></e><t id="80" x="627.76953125" y="689.2080078125"><a><text><string>Id_User</string></text></a></t></children></atr><atr id="81" nullable="false" attributeType="VARCHAR2(128)"><children><e id="82" x="620" y="824" w="93" h="37"><a><fillColor><color rgba="#ffffebeb"/></fillColor></a></e><t id="83" x="635.005859375" y="835.2080078125"><a><text><string>Id_Barang</string></text></a></t></children></atr><lcaf id="84"><points><p colinear="true" x="706.0287769784172" y="793" c1x="-319" c1y="533" c2x="-319" c2y="533"/><p colinear="true" x="681.273381294964" y="824" c1x="-319" c1y="533" c2x="-319" c2y="533"/></points><startConnector><rConnector id="85"><Owner><ent ref="15"/></Owner></rConnector></startConnector><endConnector><rConnector id="86"><Owner><atr ref="81"/></Owner></rConnector></endConnector></lcaf><lcaf id="87"><points><p colinear="true" x="703.5686274509803" y="753" c1x="-319" c1y="533" c2x="-319" c2y="533"/><p colinear="true" x="668.5490196078431" y="715" c1x="-319" c1y="533" c2x="-319" c2y="533"/></points><startConnector><rConnector id="88"><Owner><ent ref="15"/></Owner></rConnector></startConnector><endConnector><rConnector id="89"><Owner><atr ref="7e"/></Owner></rConnector></endConnector></lcaf><atr id="8a" nullable="false" attributeType="VARCHAR2(128)"><children><e id="8b" x="753" y="679" w="115.126953125" h="37"><a><fillColor><color rgba="#ffffebeb"/></fillColor></a></e><t id="8c" x="776.6025390625" y="690.2080078125"><a><text><string>Id_Tagihan</string></text></a></t></children></atr><atr id="8d" nullable="false" attributeType="VARCHAR2(128)"><children><e id="8e" x="1267" y="821" w="93" h="37"><a><fillColor><color rgba="#ffffebeb"/></fillColor></a></e><t id="8f" x="1276.0439453125" y="832.2080078125"><a><text><string>Id_transaksi</string></text></a></t></children></atr><lcaf id="90"><points><p colinear="true" x="1251.328244274809" y="794" c1x="399" c1y="243" c2x="399" c2y="243"/><p colinear="true" x="1288.2213740458014" y="821" c1x="399" c1y="243" c2x="399" c2y="243"/></points><startConnector><rConnector id="91"><Owner><ent ref="12"/></Owner></rConnector></startConnector><endConnector><rConnector id="92"><Owner><atr ref="8d"/></Owner></rConnector></endConnector></lcaf><lcaf id="93"><points><p colinear="true" x="745.4605235927153" y="753" c1x="-195" c1y="366" c2x="-195" c2y="366"/><p colinear="true" x="788.8624922392385" y="716" c1x="-195" c1y="366" c2x="-195" c2y="366"/></points><startConnector><rConnector id="94"><Owner><ent ref="15"/></Owner></rConnector></startConnector><endConnector><rConnector id="95"><Owner><atr ref="8a"/></Owner></rConnector></endConnector></lcaf><atr id="96" nullable="false" attributeType="VARCHAR2(128)"><children><e id="97" x="761" y="823" w="93" h="37"><a><fillColor><color rgba="#ffffebeb"/></fillColor></a></e><t id="98" x="768.7109375" y="834.2080078125"><a><text><string>Id_Transaksi</string></text></a></t></children></atr><lcaf id="99"><points><p colinear="true" x="784.4087591240876" y="823" c1x="-326" c1y="388" c2x="-326" c2y="388"/><p colinear="true" x="746.9635036496351" y="793" c1x="-326" c1y="388" c2x="-326" c2y="388"/></points><startConnector><rConnector id="9a"><Owner><atr ref="96"/></Owner></rConnector></startConnector><endConnector><rConnector id="9b"><Owner><ent ref="15"/></Owner></rConnector></endConnector></lcaf><atrchave id="9c" nullable="false" attributeType="NUMBER"><children><e id="9d" x="631" y="99" w="102" h="38"><a><fillColor><color rgba="#ffffebeb"/></fillColor></a></e><t id="9e" x="648.736328125" y="110.7080078125"><a><fontUnderlined><boolean>true</boolean></fontUnderlined><fontBold><boolean>true</boolean></fontBold><text><string>Id_Admin</string></text></a></t></children></atrchave><lcaf id="9f"><points><p colinear="true" x="720.8965517241379" y="214" c1x="932" c1y="-302" c2x="932" c2y="-302"/><p colinear="true" x="689.698275862069" y="137" c1x="932" c1y="-302" c2x="932" c2y="-302"/></points><startConnector><rConnector id="a0"><Owner><ent ref="c"/></Owner></rConnector></startConnector><endConnector><rConnector id="a1"><Owner><atrchave ref="9c"/></Owner></rConnector></endConnector></lcaf><atrchave id="a2" nullable="false" attributeType="NUMBER"><children><e id="a3" x="42" y="237" w="102" h="38"><a><fillColor><color rgba="#ffffebeb"/></fillColor></a></e><t id="a4" x="65.865234375" y="248.7080078125"><a><fontUnderlined><boolean>true</boolean></fontUnderlined><fontBold><boolean>true</boolean></fontBold><text><string>Id_User</string></text></a></t></children></atrchave><atrchave id="a5" nullable="false" attributeType="NUMBER"><children><e id="a6" x="246" y="394" w="102" h="38"><a><fillColor><color rgba="#ffffebeb"/></fillColor></a></e><t id="a7" x="252.7060546875" y="405.7080078125"><a><fontUnderlined><boolean>true</boolean></fontUnderlined><fontBold><boolean>true</boolean></fontBold><text><string>Id_Transaksi</string></text></a></t></children></atrchave><atrchave id="a8" nullable="false" attributeType="NUMBER"><children><e id="a9" x="659" y="620" w="127.6953125" h="38"><a><fillColor><color rgba="#ffffebeb"/></fillColor></a></e><t id="aa" x="669" y="631.7080078125"><a><fontUnderlined><boolean>true</boolean></fontUnderlined><fontBold><boolean>true</boolean></fontBold><text><string>Id_Pembayaran</string></text></a></t></children></atrchave><atrchave id="ab" nullable="false" attributeType="NUMBER"><children><e id="ac" x="1230" y="689" w="127.6953125" h="38"><a><fillColor><color rgba="#ffffebeb"/></fillColor></a></e><t id="ad" x="1243.544921875" y="700.7080078125"><a><fontUnderlined><boolean>true</boolean></fontUnderlined><fontBold><boolean>true</boolean></fontBold><text><string>Id_Pengiriman</string></text></a></t></children></atrchave><lcaf id="ae"><points><p colinear="true" x="722.7274661847015" y="658" c1x="-326" c1y="388" c2x="-326" c2y="388"/><p colinear="true" x="722.1265158582089" y="753" c1x="-326" c1y="388" c2x="-326" c2y="388"/></points><startConnector><rConnector id="af"><Owner><atrchave ref="a8"/></Owner></rConnector></startConnector><endConnector><rConnector id="b0"><Owner><ent ref="15"/></Owner></rConnector></endConnector></lcaf><lcaf id="b1"><points><p colinear="true" x="1273.7399976325758" y="727" c1x="399" c1y="243" c2x="399" c2y="243"/><p colinear="true" x="1245.165956439394" y="754" c1x="399" c1y="243" c2x="399" c2y="243"/></points><startConnector><rConnector id="b2"><Owner><atrchave ref="ab"/></Owner></rConnector></startConnector><endConnector><rConnector id="b3"><Owner><ent ref="12"/></Owner></rConnector></endConnector></lcaf><lcaf id="b4"><points><p colinear="true" x="370.9310344827586" y="480" c1x="-468" c1y="526" c2x="-468" c2y="526"/><p colinear="true" x="317.9655172413793" y="432" c1x="-468" c1y="526" c2x="-468" c2y="526"/></points><startConnector><rConnector id="b5"><Owner><ent ref="f"/></Owner></rConnector></startConnector><endConnector><rConnector id="b6"><Owner><atrchave ref="a5"/></Owner></rConnector></endConnector></lcaf><llabelUm id="b7"><points><p colinear="true" x="1099.9107142857142" y="519" c1x="312" c1y="-110" c2x="312" c2y="-110"/><p colinear="true" x="1099.5892857142858" y="591" c1x="312" c1y="-110" c2x="312" c2y="-110"/></points><startConnector><rConnector id="b8"><Owner><ent ref="2"/></Owner></rConnector></startConnector><endConnector><rConnector id="b9"><Owner><entfraca ref="56"/></Owner></rConnector></endConnector></llabelUm><atr id="ba" nullable="false" attributeType="VARCHAR2(128)"><children><e id="bb" x="194" y="43" w="93" h="37"><a><fillColor><color rgba="#ffffebeb"/></fillColor></a></e><t id="bc" x="200.7060546875" y="54.2080078125"><a><text><string>No_Rekening</string></text></a></t></children></atr><llabelUm id="bd"><points><p colinear="true" x="762" y="773.1362862010221" c1x="-395" c1y="55" c2x="-395" c2y="55"/><p colinear="true" x="962" y="773.8177172061329" c1x="-395" c1y="55" c2x="-395" c2y="55"/></points><startConnector><rConnector id="be"><Owner><ent ref="15"/></Owner></rConnector></startConnector><endConnector><rConnector id="bf"><Owner><rel id="c0"><children><diamond id="c1" x="962" y="747" w="107" h="54"><a><fillColor><color rgba="#ffddddff"/></fillColor></a></diamond><t id="c2" x="979.505859375" y="766.7080078125"><a><text><string>Melakukan3</string></text></a></t></children></rel></Owner></rConnector></endConnector></llabelUm><rel id="c3"><children><diamond id="c4" x="378" y="282" w="107" h="54"><a><fillColor><color rgba="#ffddddff"/></fillColor></a></diamond><t id="c5" x="415.2783203125" y="301.7080078125"><a><text><string>Input</string></text></a></t></children></rel><llabelUm id="c6"><points><p colinear="true" x="229" y="308.16494845360825" c1x="55.28089887640448" c1y="-195" c2x="55.28089887640448" c2y="-195"/><p colinear="true" x="378" y="308.779381443299" c1x="55.28089887640448" c1y="-195" c2x="55.28089887640448" c2y="-195"/></points><startConnector><rConnector id="c7"><Owner><ent ref="33"/></Owner></rConnector></startConnector><endConnector><rConnector id="c8"><Owner><rel ref="c3"/></Owner></rConnector></endConnector></llabelUm><llabelUm id="c9"><points><p colinear="true" x="431.09090909090907" y="282" c1x="0" c1y="0" c2x="0" c2y="0"/><p colinear="true" x="429.3030303030303" y="164" c1x="0" c1y="0" c2x="0" c2y="0"/></points><startConnector><rConnector id="ca"><Owner><rel ref="c3"/></Owner></rConnector></startConnector><endConnector><rConnector id="cb"><Owner><ent ref="9"/></Owner></rConnector></endConnector></llabelUm><rel id="cc"><children><diamond id="cd" x="136" y="473" w="107" h="53"><a><fillColor><color rgba="#ffddddff"/></fillColor></a></diamond><t id="ce" x="153.505859375" y="492.2080078125"><a><text><string>Melakukan1</string></text></a></t></children></rel><rel id="cf"><children><diamond id="d0" x="1042" y="208" w="107" h="53"><a><fillColor><color rgba="#ffddddff"/></fillColor></a></diamond><t id="d1" x="1049.509765625" y="227.2080078125"><a><text><string>Memanagemen</string></text></a></t></children></rel><llabelDoubleUm id="d2"><points><p colinear="true" x="1042" y="234.42701227830833" c1x="693" c1y="189" c2x="693" c2y="189"/><p colinear="true" x="769" y="234.05457025920873" c1x="693" c1y="189" c2x="693" c2y="189"/></points><startConnector><rConnector id="d3"><Owner><rel ref="cf"/></Owner></rConnector></startConnector><endConnector><rConnector id="d4"><Owner><ent ref="c"/></Owner></rConnector></endConnector><a><innerStrokeWidthFactor><double>3</double></innerStrokeWidthFactor></a></llabelDoubleUm><llabelDoubleUm id="d5"><points><p colinear="true" x="1095.9508506616257" y="261" c1x="137" c1y="147.24942791762015" c2x="137" c2y="147.24942791762015"/><p colinear="true" x="1099.6597353497164" y="479" c1x="137" c1y="147.24942791762015" c2x="137" c2y="147.24942791762015"/></points><startConnector><rConnector id="d6"><Owner><rel ref="cf"/></Owner></rConnector></startConnector><endConnector><rConnector id="d7"><Owner><ent ref="2"/></Owner></rConnector></endConnector><a><innerStrokeWidthFactor><double>3</double></innerStrokeWidthFactor></a></llabelDoubleUm><rel id="d8"><children><diamond id="d9" x="339" y="747" w="107" h="54"><a><fillColor><color rgba="#ffddddff"/></fillColor></a></diamond><t id="da" x="356.505859375" y="766.7080078125"><a><text><string>Melakukan2</string></text></a></t></children></rel><rel ref="c0"/><llabelUm id="db"><points><p colinear="true" x="1069" y="774" c1x="-395" c1y="92" c2x="-395" c2y="92"/><p colinear="true" x="1184" y="774" c1x="-395" c1y="92" c2x="-395" c2y="92"/></points><startConnector><rConnector id="dc"><Owner><rel ref="c0"/></Owner></rConnector></startConnector><endConnector><rConnector id="dd"><Owner><ent ref="12"/></Owner></rConnector></endConnector></llabelUm><llabelDoubleMuitos id="de"><points><p colinear="true" x="1060" y="499.15831134564644" c1x="0" c1y="0" c2x="0" c2y="0"/><p colinear="true" x="774" y="500.29023746701847" c1x="0" c1y="0" c2x="0" c2y="0"/></points><startConnector><rConnector id="df"><Owner><ent ref="2"/></Owner></rConnector></startConnector><endConnector><rConnector id="e0"><Owner><rel id="e1"><children><diamond id="e2" x="668" y="474" w="106" h="53"><a><fillColor><color rgba="#ffddddff"/></fillColor></a></diamond><t id="e3" x="697.796875" y="493.2080078125"><a><text><string>Memilih</string></text></a></t></children></rel></Owner></rConnector></endConnector><a><innerStrokeWidthFactor><double>3</double></innerStrokeWidthFactor><text><string>N</string></text></a></llabelDoubleMuitos><rel ref="e1"/><llabelDoubleMuitos id="e4"><points><p colinear="true" x="668" y="500.4192073170732" c1x="0" c1y="0" c2x="0" c2y="0"/><p colinear="true" x="433" y="500.0609756097561" c1x="0" c1y="0" c2x="0" c2y="0"/></points><startConnector><rConnector id="e5"><Owner><rel ref="e1"/></Owner></rConnector></startConnector><endConnector><rConnector id="e6"><Owner><ent ref="f"/></Owner></rConnector></endConnector><a><innerStrokeWidthFactor><double>3</double></innerStrokeWidthFactor><text><string>M</string></text></a></llabelDoubleMuitos><llabelDoubleMuitos id="e7"><points><p colinear="true" x="189.4308093994778" y="473" c1x="0" c1y="0" c2x="0" c2y="0"/><p colinear="true" x="189.0522193211488" y="328" c1x="0" c1y="0" c2x="0" c2y="0"/></points><startConnector><rConnector id="e8"><Owner><rel ref="cc"/></Owner></rConnector></startConnector><endConnector><rConnector id="e9"><Owner><ent ref="33"/></Owner></rConnector></endConnector><a><innerStrokeWidthFactor><double>3</double></innerStrokeWidthFactor><text><string>N</string></text></a></llabelDoubleMuitos><llabelDoubleMuitos id="ea"><points><p colinear="true" x="243" y="499.63144963144964" c1x="0" c1y="0" c2x="0" c2y="0"/><p colinear="true" x="353" y="499.9017199017199" c1x="0" c1y="0" c2x="0" c2y="0"/></points><startConnector><rConnector id="eb"><Owner><rel ref="cc"/></Owner></rConnector></startConnector><endConnector><rConnector id="ec"><Owner><ent ref="f"/></Owner></rConnector></endConnector><a><innerStrokeWidthFactor><double>3</double></innerStrokeWidthFactor><text><string>M</string></text></a></llabelDoubleMuitos><lcaf id="ed"><points><p colinear="true" x="128.0769230769231" y="275" c1x="0" c1y="0" c2x="0" c2y="0"/><p colinear="true" x="152.07692307692307" y="288" c1x="0" c1y="0" c2x="0" c2y="0"/></points><startConnector><rConnector id="ee"><Owner><atrchave ref="a2"/></Owner></rConnector></startConnector><endConnector><rConnector id="ef"><Owner><ent ref="33"/></Owner></rConnector></endConnector></lcaf><atr id="f0" nullable="false" attributeType="VARCHAR2(128)"><children><e id="f1" x="1123" y="384" w="85" h="28"><a><fillColor><color rgba="#ffffebeb"/></fillColor></a></e><t id="f2" x="1149.69140625" y="390.7080078125"><a><text><string>stock</string></text></a></t></children></atr><lcaf id="f3"><points><p colinear="true" x="1112.970297029703" y="479" c1x="216" c1y="-314" c2x="216" c2y="-314"/><p colinear="true" x="1156.420792079208" y="412" c1x="216" c1y="-314" c2x="216" c2y="-314"/></points><startConnector><rConnector id="f4"><Owner><ent ref="2"/></Owner></rConnector></startConnector><endConnector><rConnector id="f5"><Owner><atr ref="f0"/></Owner></rConnector></endConnector></lcaf><llabelUm id="f6"><points><p colinear="true" x="392.5492700729927" y="747" c1x="0" c1y="0" c2x="0" c2y="0"/><p colinear="true" x="392.963503649635" y="520" c1x="0" c1y="0" c2x="0" c2y="0"/></points><startConnector><rConnector id="f7"><Owner><rel ref="d8"/></Owner></rConnector></startConnector><endConnector><rConnector id="f8"><Owner><ent ref="f"/></Owner></rConnector></endConnector></llabelUm><ent id="f9"><children><r id="fa" x="1478" y="482" w="80" h="40"><a><fillColor><color rgba="#ffebffe8"/></fillColor></a></r><t id="fb" x="1496.654296875" y="494.7080078125"><a><text><string>Sender</string></text></a></t></children></ent><atr id="fc" nullable="false" attributeType="VARCHAR2(128)"><children><e id="fd" x="1533" y="435" w="80" h="20"><a><fillColor><color rgba="#ffffebeb"/></fillColor></a></e><t id="fe" x="1541.576171875" y="437.7080078125"><a><text><string>Id_Sender</string></text></a></t></children></atr><atr id="ff" nullable="false" attributeType="VARCHAR2(128)"><children><e id="100" x="1398" y="563" w="112.630859375" h="20"><a><fillColor><color rgba="#ffffebeb"/></fillColor></a></e><t id="101" x="1408" y="565.7080078125"><a><text><string>Alamat_Sender</string></text></a></t></children></atr><atr id="102" nullable="false" attributeType="VARCHAR2(128)"><children><e id="103" x="1541" y="563" w="105.3828125" h="20"><a><fillColor><color rgba="#ffffebeb"/></fillColor></a></e><t id="104" x="1551" y="565.7080078125"><a><text><string>Nama_Sender</string></text></a></t></children></atr><atr id="105" nullable="false" attributeType="VARCHAR2(128)"><children><e id="106" x="1596" y="486" w="80" h="20"><a><fillColor><color rgba="#ffffebeb"/></fillColor></a></e><t id="107" x="1607.2568359375" y="488.7080078125"><a><text><string>Tgl_Kirim</string></text></a></t></children></atr><atrchave id="108" nullable="false" attributeType="NUMBER"><children><e id="109" x="1392" y="435" w="115.49609375" h="20"><a><fillColor><color rgba="#ffffebeb"/></fillColor></a></e><t id="10a" x="1402" y="437.7080078125"><a><fontUnderlined><boolean>true</boolean></fontUnderlined><fontBold><boolean>true</boolean></fontBold><text><string>Nama_Barang</string></text></a></t></children></atrchave><llabelUm id="10b"><points><p colinear="true" x="446" y="773.8376327769347" c1x="0" c1y="0" c2x="0" c2y="0"/><p colinear="true" x="682" y="773.1213960546282" c1x="0" c1y="0" c2x="0" c2y="0"/></points><startConnector><rConnector id="10c"><Owner><rel ref="d8"/></Owner></rConnector></startConnector><endConnector><rConnector id="10d"><Owner><ent ref="15"/></Owner></rConnector></endConnector></llabelUm><lcaf id="10e"><points><p colinear="true" x="1494.0519462719299" y="482" c1x="84.09589523565569" c1y="-164" c2x="84.09589523565569" c2y="-164"/><p colinear="true" x="1461.722073739035" y="455" c1x="84.09589523565569" c1y="-164" c2x="84.09589523565569" c2y="-164"/></points><startConnector><rConnector id="10f"><Owner><ent ref="f9"/></Owner></rConnector></startConnector><endConnector><rConnector id="110"><Owner><atrchave ref="108"/></Owner></rConnector></endConnector></lcaf><lcaf id="111"><points><p colinear="true" x="1537.298245614035" y="482" c1x="84.09589523565569" c1y="-164" c2x="84.09589523565569" c2y="-164"/><p colinear="true" x="1563.3508771929824" y="455" c1x="84.09589523565569" c1y="-164" c2x="84.09589523565569" c2y="-164"/></points><startConnector><rConnector id="112"><Owner><ent ref="f9"/></Owner></rConnector></startConnector><endConnector><rConnector id="113"><Owner><atr ref="fc"/></Owner></rConnector></endConnector></lcaf><lcaf id="114"><points><p colinear="true" x="1500.060684419014" y="522" c1x="84.09589523565569" c1y="-164" c2x="84.09589523565569" c2y="-164"/><p colinear="true" x="1463.2850874779929" y="563" c1x="84.09589523565569" c1y="-164" c2x="84.09589523565569" c2y="-164"/></points><startConnector><rConnector id="115"><Owner><ent ref="f9"/></Owner></rConnector></startConnector><endConnector><rConnector id="116"><Owner><atr ref="ff"/></Owner></rConnector></endConnector></lcaf><lcaf id="117"><points><p colinear="true" x="1558" y="499.96610169491527" c1x="84.09589523565569" c1y="-164" c2x="84.09589523565569" c2y="-164"/><p colinear="true" x="1596" y="498.03389830508473" c1x="84.09589523565569" c1y="-164" c2x="84.09589523565569" c2y="-164"/></points><startConnector><rConnector id="118"><Owner><ent ref="f9"/></Owner></rConnector></startConnector><endConnector><rConnector id="119"><Owner><atr ref="105"/></Owner></rConnector></endConnector></lcaf><lcaf id="11a"><points><p colinear="true" x="1539.321522887324" y="522" c1x="84.09589523565569" c1y="-164" c2x="84.09589523565569" c2y="-164"/><p colinear="true" x="1583.030644806338" y="563" c1x="84.09589523565569" c1y="-164" c2x="84.09589523565569" c2y="-164"/></points><startConnector><rConnector id="11b"><Owner><ent ref="f9"/></Owner></rConnector></startConnector><endConnector><rConnector id="11c"><Owner><atr ref="102"/></Owner></rConnector></endConnector></lcaf><entfraca id="11d"><children><r id="11e" x="147" y="131" w="80" h="40"><a><fillColor><color rgba="#ffebffe8"/></fillColor><strokeType><enum type="strokeType">DOUBLE</enum></strokeType><innerStrokeWidthFactor><double>3</double></innerStrokeWidthFactor></a></r><t id="11f" x="153.5546875" y="143.7080078125"><a><text><string>detail_user</string></text></a></t></children></entfraca><lcaf id="120"><points><p colinear="true" x="146.01860465116278" y="62" c1x="0" c1y="0" c2x="0" c2y="0"/><p colinear="true" x="177.7906976744186" y="131" c1x="0" c1y="0" c2x="0" c2y="0"/></points><startConnector><rConnector id="121"><Owner><atr ref="2a"/></Owner></rConnector></startConnector><endConnector><rConnector id="122"><Owner><entfraca ref="11d"/></Owner></rConnector></endConnector></lcaf><lcaf id="123"><points><p colinear="true" x="123.33333333333334" y="114" c1x="0" c1y="0" c2x="0" c2y="0"/><p colinear="true" x="152.5855855855856" y="131" c1x="0" c1y="0" c2x="0" c2y="0"/></points><startConnector><rConnector id="124"><Owner><atr ref="2d"/></Owner></rConnector></startConnector><endConnector><rConnector id="125"><Owner><entfraca ref="11d"/></Owner></rConnector></endConnector></lcaf><lcaf id="126"><points><p colinear="true" x="229.4413407821229" y="80" c1x="0" c1y="0" c2x="0" c2y="0"/><p colinear="true" x="198.95530726256982" y="131" c1x="0" c1y="0" c2x="0" c2y="0"/></points><startConnector><rConnector id="127"><Owner><atr ref="ba"/></Owner></rConnector></startConnector><endConnector><rConnector id="128"><Owner><entfraca ref="11d"/></Owner></rConnector></endConnector></lcaf><lcaf id="129"><points><p colinear="true" x="187.2547770700637" y="171" c1x="0" c1y="0" c2x="0" c2y="0"/><p colinear="true" x="188.7452229299363" y="288" c1x="0" c1y="0" c2x="0" c2y="0"/></points><startConnector><rConnector id="12a"><Owner><entfraca ref="11d"/></Owner></rConnector></startConnector><endConnector><rConnector id="12b"><Owner><ent ref="33"/></Owner></rConnector></endConnector></lcaf><rel id="12c"><children><diamond id="12d" x="1284" y="470" w="97" h="59"><a><fillColor><color rgba="#ffddddff"/></fillColor></a></diamond><t id="12e" x="1317.259765625" y="492.2080078125"><a><text><string>kirim</string></text></a></t></children></rel><atr id="12f" nullable="false" attributeType="VARCHAR2(128)"><children><e id="130" x="1175" y="433" w="99" h="37"><a><fillColor><color rgba="#ffffebeb"/></fillColor></a></e><t id="131" x="1182.8046875" y="444.2080078125"><a><text><string>nama_barang</string></text></a></t></children></atr><lcaf id="132"><points><p colinear="true" x="1140" y="483.73895582329317" c1x="0" c1y="0" c2x="0" c2y="0"/><p colinear="true" x="1176.0105263157895" y="470" c1x="0" c1y="0" c2x="0" c2y="0"/></points><startConnector><rConnector id="133"><Owner><ent ref="2"/></Owner></rConnector></startConnector><endConnector><rConnector id="134"><Owner><atr ref="12f"/></Owner></rConnector></endConnector></lcaf><llabelDoubleMuitos id="135"><points><p colinear="true" x="1284" y="499.39569892473116" c1x="0" c1y="0" c2x="0" c2y="0"/><p colinear="true" x="1140" y="499.0860215053763" c1x="0" c1y="0" c2x="0" c2y="0"/></points><startConnector><rConnector id="136"><Owner><rel ref="12c"/></Owner></rConnector></startConnector><endConnector><rConnector id="137"><Owner><ent ref="2"/></Owner></rConnector></endConnector><a><innerStrokeWidthFactor><double>3</double></innerStrokeWidthFactor><text><string>M</string></text></a></llabelDoubleMuitos><llabelUm id="138"><points><p colinear="true" x="1381" y="500.1536388140162" c1x="0" c1y="0" c2x="0" c2y="0"/><p colinear="true" x="1478" y="501.46091644204853" c1x="0" c1y="0" c2x="0" c2y="0"/></points><startConnector><rConnector id="139"><Owner><rel ref="12c"/></Owner></rConnector></startConnector><endConnector><rConnector id="13a"><Owner><ent ref="f9"/></Owner></rConnector></endConnector></llabelUm></figures></drawing>